{
    "TSP": {
        "Ant Colony Optimization": {
            "algorithm": "Ant Colony Optimization",
            "problem": "TSP",
            "n_runs": 5,
            "max_iter": 100,
            "fitness": {
                "mean": 311.28581820360796,
                "std": 0.0,
                "min": 311.28581820360796,
                "max": 311.28581820360796,
                "median": 311.28581820360796,
                "q25": 311.28581820360796,
                "q75": 311.28581820360796,
                "all_values": [
                    311.28581820360796,
                    311.28581820360796,
                    311.28581820360796,
                    311.28581820360796,
                    311.28581820360796
                ]
            },
            "time": {
                "mean": 0.42839908599853516,
                "std": 0.002322005351149305,
                "min": 0.42615413665771484,
                "max": 0.43166470527648926,
                "all_values": [
                    0.4307539463043213,
                    0.4266338348388672,
                    0.43166470527648926,
                    0.4267888069152832,
                    0.42615413665771484
                ]
            },
            "iterations": {
                "mean": 100.0
            },
            "best_solution": [
                5,
                8,
                2,
                6,
                9,
                3,
                0,
                4,
                1,
                7
            ]
        },
        "A* Search": {
            "algorithm": "A* Search",
            "problem": "TSP",
            "n_runs": 5,
            "max_iter": 100,
            "fitness": {
                "mean": Infinity,
                "std": NaN,
                "min": Infinity,
                "max": Infinity,
                "median": Infinity,
                "q25": NaN,
                "q75": NaN,
                "all_values": [
                    Infinity,
                    Infinity,
                    Infinity,
                    Infinity,
                    Infinity
                ]
            },
            "time": {
                "mean": 6.327629089355468e-05,
                "std": 1.3894383500962919e-05,
                "min": 4.935264587402344e-05,
                "max": 8.988380432128906e-05,
                "all_values": [
                    8.988380432128906e-05,
                    6.0558319091796875e-05,
                    4.935264587402344e-05,
                    5.650520324707031e-05,
                    6.008148193359375e-05
                ]
            },
            "iterations": {
                "mean": 0.0
            },
            "best_solution": null
        },
        "Breadth-First Search": {
            "algorithm": "Breadth-First Search",
            "problem": "TSP",
            "n_runs": 5,
            "max_iter": 100,
            "fitness": {
                "mean": 408.36402340566735,
                "std": 42.76827317972887,
                "min": 339.92452650790517,
                "max": 463.3126126644743,
                "median": 422.5407595242345,
                "q25": 383.1102809038335,
                "q75": 432.93193742788935,
                "all_values": [
                    463.3126126644743,
                    422.5407595242345,
                    383.1102809038335,
                    339.92452650790517,
                    432.93193742788935
                ]
            },
            "time": {
                "mean": 0.014145708084106446,
                "std": 0.0016768603033251988,
                "min": 0.01188802719116211,
                "max": 0.016967058181762695,
                "all_values": [
                    0.016967058181762695,
                    0.013200759887695312,
                    0.014201164245605469,
                    0.01188802719116211,
                    0.01447153091430664
                ]
            },
            "iterations": {
                "mean": 100.0
            },
            "best_solution": [
                6,
                2,
                8,
                1,
                5,
                7,
                0,
                3,
                9,
                4
            ]
        }
    }
}