{
    "TSP": {
        "Ant Colony Optimization": {
            "algorithm": "Ant Colony Optimization",
            "problem": "TSP",
            "n_runs": 5,
            "max_iter": 100,
            "fitness": {
                "mean": 274.74685469024587,
                "std": 0.0,
                "min": 274.74685469024587,
                "max": 274.74685469024587,
                "median": 274.74685469024587,
                "q25": 274.74685469024587,
                "q75": 274.74685469024587,
                "all_values": [
                    274.74685469024587,
                    274.74685469024587,
                    274.74685469024587,
                    274.74685469024587,
                    274.74685469024587
                ]
            },
            "time": {
                "mean": 0.26053223609924314,
                "std": 0.007607209743504021,
                "min": 0.2535269260406494,
                "max": 0.2739074230194092,
                "all_values": [
                    0.2739074230194092,
                    0.26392030715942383,
                    0.25672340393066406,
                    0.25458312034606934,
                    0.2535269260406494
                ]
            },
            "iterations": {
                "mean": 100.0
            },
            "best_solution": [
                9,
                8,
                6,
                3,
                2,
                4,
                1,
                7,
                0,
                5
            ]
        },
        "Simulated Annealing": {
            "algorithm": "Simulated Annealing",
            "problem": "TSP",
            "n_runs": 5,
            "max_iter": 100,
            "fitness": {
                "mean": 348.2708836665821,
                "std": 27.389130593457246,
                "min": 304.89137291276205,
                "max": 379.22102686588926,
                "median": 343.279838944447,
                "q25": 337.8175417687734,
                "q75": 376.1446378410387,
                "all_values": [
                    379.22102686588926,
                    304.89137291276205,
                    343.279838944447,
                    376.1446378410387,
                    337.8175417687734
                ]
            },
            "time": {
                "mean": 0.004430437088012695,
                "std": 0.006319259432477107,
                "min": 0.0009014606475830078,
                "max": 0.01703953742980957,
                "all_values": [
                    0.01703953742980957,
                    0.001047372817993164,
                    0.0010581016540527344,
                    0.0009014606475830078,
                    0.002105712890625
                ]
            },
            "iterations": {
                "mean": 100.0
            },
            "best_solution": [
                5,
                6,
                3,
                2,
                8,
                9,
                4,
                7,
                0,
                1
            ]
        },
        "Breadth-First Search": {
            "algorithm": "Breadth-First Search",
            "problem": "TSP",
            "n_runs": 5,
            "max_iter": 100,
            "fitness": {
                "mean": 373.6831680549764,
                "std": 49.15709340562666,
                "min": 306.83636772635697,
                "max": 437.5361230071221,
                "median": 352.4012228007298,
                "q25": 348.4792209480993,
                "q75": 423.16290579257407,
                "all_values": [
                    348.4792209480993,
                    423.16290579257407,
                    306.83636772635697,
                    352.4012228007298,
                    437.5361230071221
                ]
            },
            "time": {
                "mean": 0.01070561408996582,
                "std": 0.003075842188359382,
                "min": 0.005386829376220703,
                "max": 0.014323234558105469,
                "all_values": [
                    0.005386829376220703,
                    0.014323234558105469,
                    0.01011514663696289,
                    0.010636329650878906,
                    0.013066530227661133
                ]
            },
            "iterations": {
                "mean": 100.0
            },
            "best_solution": [
                8,
                9,
                5,
                4,
                7,
                0,
                1,
                3,
                2,
                6
            ]
        }
    }
}