{
    "TSP": {
        "Ant Colony Optimization": {
            "algorithm": "Ant Colony Optimization",
            "problem": "TSP",
            "n_runs": 5,
            "max_iter": 100,
            "fitness": {
                "mean": 305.120483654202,
                "std": 0.0,
                "min": 305.120483654202,
                "max": 305.120483654202,
                "median": 305.120483654202,
                "q25": 305.120483654202,
                "q75": 305.120483654202,
                "all_values": [
                    305.120483654202,
                    305.120483654202,
                    305.120483654202,
                    305.120483654202,
                    305.120483654202
                ]
            },
            "time": {
                "mean": 0.2897810459136963,
                "std": 0.007098894194346132,
                "min": 0.2822446823120117,
                "max": 0.3017122745513916,
                "all_values": [
                    0.3017122745513916,
                    0.2822446823120117,
                    0.288715124130249,
                    0.2929198741912842,
                    0.2833132743835449
                ]
            },
            "iterations": {
                "mean": 100.0
            },
            "best_solution": [
                3,
                2,
                9,
                8,
                5,
                6,
                1,
                0,
                4,
                7
            ]
        },
        "Simulated Annealing": {
            "algorithm": "Simulated Annealing",
            "problem": "TSP",
            "n_runs": 5,
            "max_iter": 100,
            "fitness": {
                "mean": 376.3143983897474,
                "std": 24.703511262490156,
                "min": 344.9187616992344,
                "max": 407.1969201462614,
                "median": 371.29935392736996,
                "q25": 355.9325254598826,
                "q75": 402.2244307159886,
                "all_values": [
                    407.1969201462614,
                    402.2244307159886,
                    371.29935392736996,
                    355.9325254598826,
                    344.9187616992344
                ]
            },
            "time": {
                "mean": 0.0015380859375,
                "std": 0.00045192978175487823,
                "min": 0.0009996891021728516,
                "max": 0.0020112991333007812,
                "all_values": [
                    0.0009996891021728516,
                    0.0016527175903320312,
                    0.002009868621826172,
                    0.001016855239868164,
                    0.0020112991333007812
                ]
            },
            "iterations": {
                "mean": 100.0
            },
            "best_solution": [
                6,
                0,
                4,
                7,
                3,
                2,
                9,
                5,
                1,
                8
            ]
        },
        "Breadth-First Search": {
            "algorithm": "Breadth-First Search",
            "problem": "TSP",
            "n_runs": 5,
            "max_iter": 100,
            "fitness": {
                "mean": 417.10454542287187,
                "std": 18.051298489257498,
                "min": 392.59524611079905,
                "max": 443.96664685561575,
                "median": 422.0240655904705,
                "q25": 402.1475268647001,
                "q75": 424.78924169277434,
                "all_values": [
                    424.78924169277434,
                    392.59524611079905,
                    443.96664685561575,
                    422.0240655904705,
                    402.1475268647001
                ]
            },
            "time": {
                "mean": 0.007758522033691406,
                "std": 0.0005032940330457502,
                "min": 0.006873130798339844,
                "max": 0.008276700973510742,
                "all_values": [
                    0.008276700973510742,
                    0.006873130798339844,
                    0.008077859878540039,
                    0.007546901702880859,
                    0.008018016815185547
                ]
            },
            "iterations": {
                "mean": 100.0
            },
            "best_solution": [
                2,
                3,
                7,
                4,
                5,
                1,
                6,
                0,
                8,
                9
            ]
        }
    }
}