{
    "TSP": {
        "Breadth-First Search": {
            "algorithm": "Breadth-First Search",
            "problem": "TSP",
            "n_runs": 5,
            "max_iter": 100,
            "fitness": {
                "mean": 313.73099155227953,
                "std": 26.564627733768216,
                "min": 274.8625228920983,
                "max": 341.7790687841962,
                "median": 317.33117886679696,
                "q25": 292.92882498913656,
                "q75": 341.75336222916957,
                "all_values": [
                    341.7790687841962,
                    292.92882498913656,
                    341.75336222916957,
                    317.33117886679696,
                    274.8625228920983
                ]
            },
            "time": {
                "mean": 0.022231245040893556,
                "std": 0.007518851012065884,
                "min": 0.014118194580078125,
                "max": 0.03132200241088867,
                "all_values": [
                    0.019699573516845703,
                    0.015052556991577148,
                    0.014118194580078125,
                    0.03132200241088867,
                    0.030963897705078125
                ]
            },
            "iterations": {
                "mean": 100.0
            },
            "best_solution": 