{
    "TSP": {
        "Ant Colony Optimization": {
            "algorithm": "Ant Colony Optimization",
            "problem": "TSP",
            "n_runs": 5,
            "max_iter": 100,
            "fitness": {
                "mean": 255.5969085387861,
                "std": 2.842170943040401e-14,
                "min": 255.59690853878612,
                "max": 255.59690853878612,
                "median": 255.59690853878612,
                "q25": 255.59690853878612,
                "q75": 255.59690853878612,
                "all_values": [
                    255.59690853878612,
                    255.59690853878612,
                    255.59690853878612,
                    255.59690853878612,
                    255.59690853878612
                ]
            },
            "time": {
                "mean": 0.3957205295562744,
                "std": 0.01620226922029033,
                "min": 0.3758108615875244,
                "max": 0.42194056510925293,
                "all_values": [
                    0.42194056510925293,
                    0.3824288845062256,
                    0.40292906761169434,
                    0.3758108615875244,
                    0.3954932689666748
                ]
            },
            "iterations": {
                "mean": 100.0
            },
            "best_solution": [
                9,
                1,
                0,
                3,
                8,
                7,
                2,
                6,
                4,
                5
            ]
        },
        "Breadth-First Search": {
            "algorithm": "Breadth-First Search",
            "problem": "TSP",
            "n_runs": 5,
            "max_iter": 100,
            "fitness": {
                "mean": 333.69429684145655,
                "std": 31.848615894145667,
                "min": 289.07654276583963,
                "max": 381.4413039347188,
                "median": 335.9795929452226,
                "q25": 311.2225369930954,
                "q75": 350.7515075684063,
                "all_values": [
                    350.7515075684063,
                    381.4413039347188,
                    335.9795929452226,
                    311.2225369930954,
                    289.07654276583963
                ]
            },
            "time": {
                "mean": 0.014117240905761719,
                "std": 0.0003076315582107986,
                "min": 0.01377725601196289,
                "max": 0.014693021774291992,
                "all_values": [
                    0.014066696166992188,
                    0.01377725601196289,
                    0.013968229293823242,
                    0.014081001281738281,
                    0.014693021774291992
                ]
            },
            "iterations": {
                "mean": 100.0
            },
            "best_solution": [
                8,
                2,
                4,
                6,
                5,
                9,
                0,
                1,
                3,
                7
            ]
        }
    }
}