{
    "TSP": {
        "Ant Colony Optimization": {
            "algorithm": "Ant Colony Optimization",
            "problem": "TSP",
            "n_runs": 5,
            "max_iter": 100,
            "fitness": {
                "mean": 280.1431249282073,
                "std": 0.0,
                "min": 280.1431249282073,
                "max": 280.1431249282073,
                "median": 280.1431249282073,
                "q25": 280.1431249282073,
                "q75": 280.1431249282073,
                "all_values": [
                    280.1431249282073,
                    280.1431249282073,
                    280.1431249282073,
                    280.1431249282073,
                    280.1431249282073
                ]
            },
            "time": {
                "mean": 0.2718981742858887,
                "std": 0.004427601402276936,
                "min": 0.2649664878845215,
                "max": 0.27754974365234375,
                "all_values": [
                    0.2649664878845215,
                    0.26912999153137207,
                    0.27754974365234375,
                    0.2749645709991455,
                    0.27288007736206055
                ]
            },
            "iterations": {
                "mean": 100.0
            },
            "best_solution": [
                8,
                4,
                7,
                6,
                9,
                2,
                1,
                5,
                0,
                3
            ]
        },
        "Simulated Annealing": {
            "algorithm": "Simulated Annealing",
            "problem": "TSP",
            "n_runs": 5,
            "max_iter": 100,
            "fitness": {
                "mean": 360.4177452338886,
                "std": 29.84604821788929,
                "min": 322.1816187315111,
                "max": 411.2402847088075,
                "median": 350.4970065328688,
                "q25": 346.6948492503554,
                "q75": 371.47496694589984,
                "all_values": [
                    350.4970065328688,
                    322.1816187315111,
                    411.2402847088075,
                    346.6948492503554,
                    371.47496694589984
                ]
            },
            "time": {
                "mean": 0.0014500141143798829,
                "std": 0.00042740780460763137,
                "min": 0.0010001659393310547,
                "max": 0.0019969940185546875,
                "all_values": [
                    0.00189971923828125,
                    0.0010001659393310547,
                    0.0013499259948730469,
                    0.001003265380859375,
                    0.0019969940185546875
                ]
            },
            "iterations": {
                "mean": 100.0
            },
            "best_solution": [
                8,
                6,
                7,
                9,
                2,
                1,
                5,
                0,
                3,
                4
            ]
        },
        "Breadth-First Search": {
            "algorithm": "Breadth-First Search",
            "problem": "TSP",
            "n_runs": 5,
            "max_iter": 100,
            "fitness": {
                "mean": 418.0230306850507,
                "std": 24.50103112260411,
                "min": 375.8888670006154,
                "max": 444.1089609278932,
                "median": 415.23468944904056,
                "q25": 414.01455362039394,
                "q75": 440.8680824273106,
                "all_values": [
                    414.01455362039394,
                    375.8888670006154,
                    444.1089609278932,
                    440.8680824273106,
                    415.23468944904056
                ]
            },
            "time": {
                "mean": 0.008040857315063477,
                "std": 0.001757316952311451,
                "min": 0.005575895309448242,
                "max": 0.011041879653930664,
                "all_values": [
                    0.008266448974609375,
                    0.007754087448120117,
                    0.005575895309448242,
                    0.011041879653930664,
                    0.007565975189208984
                ]
            },
            "iterations": {
                "mean": 100.0
            },
            "best_solution": [
                6,
                7,
                8,
                0,
                3,
                4,
                2,
                1,
                5,
                9
            ]
        }
    }
}