{
    "TSP": {
        "Breadth-First Search": {
            "algorithm": "Breadth-First Search",
            "problem": "TSP",
            "n_runs": 5,
            "max_iter": 100,
            "fitness": {
                "mean": 399.96846790294927,
                "std": 57.7133691198413,
                "min": 325.5563263187933,
                "max": 477.008040044205,
                "median": 406.77256581160265,
                "q25": 344.79911226164893,
                "q75": 445.7062950784964,
                "all_values": [
                    477.008040044205,
                    344.79911226164893,
                    445.7062950784964,
                    325.5563263187933,
                    406.77256581160265
                ]
            },
            "time": {
                "mean": 0.01500844955444336,
                "std": 0.0008942153684794302,
                "min": 0.013387918472290039,
                "max": 0.016074657440185547,
                "all_values": [
                    0.016074657440185547,
                    0.015062093734741211,
                    0.015027523040771484,
                    0.013387918472290039,
                    0.015490055084228516
                ]
            },
            "iterations": {
                "mean": 100.0
            },
            "best_solution": [
                1,
                5,
                9,
                2,
                4,
                0,
                3,
                6,
                8,
                7
            ]
        }
    }
}