{
    "TSP": {
        "Ant Colony Optimization": {
            "algorithm": "Ant Colony Optimization",
            "problem": "TSP",
            "n_runs": 5,
            "max_iter": 100,
            "fitness": {
                "mean": 258.64024862145374,
                "std": 0.0,
                "min": 258.64024862145374,
                "max": 258.64024862145374,
                "median": 258.64024862145374,
                "q25": 258.64024862145374,
                "q75": 258.64024862145374,
                "all_values": [
                    258.64024862145374,
                    258.64024862145374,
                    258.64024862145374,
                    258.64024862145374,
                    258.64024862145374
                ]
            },
            "time": {
                "mean": 0.4044944763183594,
                "std": 0.02356753420721669,
                "min": 0.3832273483276367,
                "max": 0.4497237205505371,
                "all_values": [
                    0.4497237205505371,
                    0.40105557441711426,
                    0.39955925941467285,
                    0.38890647888183594,
                    0.3832273483276367
                ]
            },
            "iterations": {
                "mean": 100.0
            },
            "best_solution": [
                3,
                1,
                6,
                7,
                0,
                4,
                9,
                5,
                8,
                2
            ]
        },
        "Simulated Annealing": {
            "algorithm": "Simulated Annealing",
            "problem": "TSP",
            "n_runs": 5,
            "max_iter": 100,
            "fitness": {
                "mean": 295.7131801661463,
                "std": 18.72406846555072,
                "min": 263.93501628789994,
                "max": 315.7745573556348,
                "median": 301.09959520248475,
                "q25": 286.8037464180386,
                "q75": 310.95298556667325,
                "all_values": [
                    263.93501628789994,
                    286.8037464180386,
                    310.95298556667325,
                    315.7745573556348,
                    301.09959520248475
                ]
            },
            "time": {
                "mean": 0.0020145416259765626,
                "std": 0.00039082818502512783,
                "min": 0.0015456676483154297,
                "max": 0.002527952194213867,
                "all_values": [
                    0.002403736114501953,
                    0.0019295215606689453,
                    0.0015456676483154297,
                    0.0016658306121826172,
                    0.002527952194213867
                ]
            },
            "iterations": {
                "mean": 100.0
            },
            "best_solution": [
                7,
                6,
                1,
                3,
                2,
                5,
                8,
                9,
                4,
                0
            ]
        },
        "Breadth-First Search": {
            "algorithm": "Breadth-First Search",
            "problem": "TSP",
            "n_runs": 5,
            "max_iter": 100,
            "fitness": {
                "mean": 355.6399581022415,
                "std": 22.440229322970136,
                "min": 317.15908204297483,
                "max": 387.1266935173948,
                "median": 357.158497244773,
                "q25": 354.61411275413656,
                "q75": 362.1414049519283,
                "all_values": [
                    354.61411275413656,
                    387.1266935173948,
                    357.158497244773,
                    362.1414049519283,
                    317.15908204297483
                ]
            },
            "time": {
                "mean": 0.012778711318969727,
                "std": 0.001783846836298861,
                "min": 0.01114344596862793,
                "max": 0.015521764755249023,
                "all_values": [
                    0.015521764755249023,
                    0.01114344596862793,
                    0.014286518096923828,
                    0.011376142501831055,
                    0.011565685272216797
                ]
            },
            "iterations": {
                "mean": 100.0
            },
            "best_solution": [
                7,
                4,
                9,
                6,
                0,
                8,
                5,
                2,
                3,
                1
            ]
        }
    }
}